{"HoursInMonth": [[8.0, 9.0, 10.0, 11.0, 12.0, 13.0, 14.0, 15.0], [7.0, 8.0, 9.0, 10.0, 11.0, 12.0, 13.0, 14.0, 15.0, 16.0], [6.0, 7.0, 8.0, 9.0, 10.0, 11.0, 12.0, 13.0, 14.0, 15.0, 16.0, 17.0], [5.0, 6.0, 7.0, 8.0, 9.0, 10.0, 11.0, 12.0, 13.0, 14.0, 15.0, 16.0, 17.0, 18.0], [4.0, 5.0, 6.0, 7.0, 8.0, 9.0, 10.0, 11.0, 12.0, 13.0, 14.0, 15.0, 16.0, 17.0, 18.0], [4.0, 5.0, 6.0, 7.0, 8.0, 9.0, 10.0, 11.0, 12.0, 13.0, 14.0, 15.0, 16.0, 17.0, 18.0, 19.0], [4.0, 5.0, 6.0, 7.0, 8.0, 9.0, 10.0, 11.0, 12.0, 13.0, 14.0, 15.0, 16.0, 17.0, 18.0, 19.0], [5.0, 6.0, 7.0, 8.0, 9.0, 10.0, 11.0, 12.0, 13.0, 14.0, 15.0, 16.0, 17.0, 18.0], [6.0, 7.0, 8.0, 9.0, 10.0, 11.0, 12.0, 13.0, 14.0, 15.0, 16.0, 17.0], [6.0, 7.0, 8.0, 9.0, 10.0, 11.0, 12.0, 13.0, 14.0, 15.0, 16.0], [7.0, 8.0, 9.0, 10.0, 11.0, 12.0, 13.0, 14.0, 15.0], [8.0, 9.0, 10.0, 11.0, 12.0, 13.0, 14.0, 15.0]], "TempTracking": [-0.2419354838709678, 0.064516129032258063, 0.70967741935483897, 1.3096774193548384, 1.887096774193548, 2.3161290322580643, 2.6645161290322585, 2.7032258064516133, -1.8285714285714285, -1.6821428571428569, -1.3857142857142855, -0.82499999999999996, -0.23928571428571399, 0.30714285714285727, 0.63214285714285701, 0.93571428571428572, 1.0714285714285714, 0.99285714285714277, -0.09032258064516123, 0.025806451612903215, 0.96451612903225792, 2.0548387096774192, 3.0516129032258066, 3.8516129032258068, 4.5516129032258075, 5.3354838709677415, 5.8000000000000007, 6.1548387096774171, 5.9967741935483874, 5.5064516129032262, 5.9733333333333345, 6.1966666666666663, 7.1066666666666656, 7.9766666666666666, 9.0933333333333319, 10.076666666666666, 10.986666666666668, 11.803333333333333, 12.419999999999996, 12.933333333333335, 13.216666666666665, 12.923333333333334, 12.410000000000002, 11.700000000000001, 9.1096774193548384, 9.0935483870967744, 9.5677419354838715, 10.154838709677419, 10.738709677419356, 11.464516129032257, 12.425806451612905, 13.293548387096774, 14.132258064516128, 14.764516129032259, 15.119354838709679, 15.161290322580642, 14.764516129032261, 14.148387096774194, 13.487096774193548, 12.423333333333332, 12.456666666666667, 13.483333333333333, 14.62666666666667, 15.750000000000004, 16.793333333333333, 17.829999999999998, 18.72666666666667, 19.663333333333334, 20.343333333333334, 20.633333333333336, 20.969999999999999, 20.946666666666665, 20.710000000000001, 20.209999999999997, 19.173333333333332, 15.516129032258062, 15.403225806451612, 16.85806451612903, 18.483870967741932, 19.861290322580647, 21.383870967741938, 22.735483870967744, 23.993548387096773, 25.12903225806452, 25.945161290322588, 26.412903225806446, 26.616129032258065, 26.596774193548388, 26.199999999999992, 25.077419354838707, 23.703225806451613, 14.132258064516128, 14.638709677419357, 16.187096774193549, 17.625806451612906, 19.164516129032261, 20.512903225806451, 21.361290322580643, 22.267741935483876, 23.058064516129033, 23.619354838709675, 23.906451612903229, 23.877419354838711, 23.35806451612903, 22.212903225806457, 11.790000000000001, 12.526666666666669, 13.586666666666666, 14.76, 15.836666666666662, 16.943333333333339, 17.883333333333329, 18.553333333333335, 18.979999999999997, 19.183333333333337, 19.069999999999993, 18.423333333333343, 9.435483870967742, 9.7000000000000011, 10.245161290322583, 11.058064516129036, 11.754838709677419, 12.570967741935485, 13.419354838709676, 14.061290322580644, 14.545161290322582, 14.790322580645158, 14.377419354838709, 3.6200000000000006, 3.7800000000000007, 4.2433333333333305, 4.8166666666666655, 5.3933333333333318, 5.8633333333333333, 6.1266666666666652, 6.2366666666666672, 6.1433333333333326, -0.967741935483871, -0.61290322580645162, 0.27096774193548395, 1.403225806451613, 2.3967741935483873, 3.1645161290322577, 3.6870967741935483, 3.5645161290322585], "HoursInMonthTracking": [8.0, 9.0, 10.0, 11.0, 12.0, 13.0, 14.0, 15.0, 7.0, 8.0, 9.0, 10.0, 11.0, 12.0, 13.0, 14.0, 15.0, 16.0, 6.0, 7.0, 8.0, 9.0, 10.0, 11.0, 12.0, 13.0, 14.0, 15.0, 16.0, 17.0, 5.0, 6.0, 7.0, 8.0, 9.0, 10.0, 11.0, 12.0, 13.0, 14.0, 15.0, 16.0, 17.0, 18.0, 4.0, 5.0, 6.0, 7.0, 8.0, 9.0, 10.0, 11.0, 12.0, 13.0, 14.0, 15.0, 16.0, 17.0, 18.0, 4.0, 5.0, 6.0, 7.0, 8.0, 9.0, 10.0, 11.0, 12.0, 13.0, 14.0, 15.0, 16.0, 17.0, 18.0, 19.0, 4.0, 5.0, 6.0, 7.0, 8.0, 9.0, 10.0, 11.0, 12.0, 13.0, 14.0, 15.0, 16.0, 17.0, 18.0, 19.0, 5.0, 6.0, 7.0, 8.0, 9.0, 10.0, 11.0, 12.0, 13.0, 14.0, 15.0, 16.0, 17.0, 18.0, 6.0, 7.0, 8.0, 9.0, 10.0, 11.0, 12.0, 13.0, 14.0, 15.0, 16.0, 17.0, 6.0, 7.0, 8.0, 9.0, 10.0, 11.0, 12.0, 13.0, 14.0, 15.0, 16.0, 7.0, 8.0, 9.0, 10.0, 11.0, 12.0, 13.0, 14.0, 15.0, 8.0, 9.0, 10.0, 11.0, 12.0, 13.0, 14.0, 15.0], "MonthTracking": [1, 1, 1, 1, 1, 1, 1, 1, 2, 2, 2, 2, 2, 2, 2, 2, 2, 2, 3, 3, 3, 3, 3, 3, 3, 3, 3, 3, 3, 3, 4, 4, 4, 4, 4, 4, 4, 4, 4, 4, 4, 4, 4, 4, 5, 5, 5, 5, 5, 5, 5, 5, 5, 5, 5, 5, 5, 5, 5, 6, 6, 6, 6, 6, 6, 6, 6, 6, 6, 6, 6, 6, 6, 6, 6, 7, 7, 7, 7, 7, 7, 7, 7, 7, 7, 7, 7, 7, 7, 7, 7, 8, 8, 8, 8, 8, 8, 8, 8, 8, 8, 8, 8, 8, 8, 9, 9, 9, 9, 9, 9, 9, 9, 9, 9, 9, 9, 10, 10, 10, 10, 10, 10, 10, 10, 10, 10, 10, 11, 11, 11, 11, 11, 11, 11, 11, 11, 12, 12, 12, 12, 12, 12, 12, 12], "Yangles": [45.0, 36.999841831999987, 23.453686900000008, 8.8855862839999986, -6.1380475310000122, -20.847883719000009, -34.617343382000001, -45.0, 45.0, 45.0, 41.709260803999996, 27.145446284000002, 11.146920512999998, -5.575250355999998, -21.933806473999994, -37.038525894000003, -45.0, -45.0, 45.0, 45.0, 45.0, 45.0, 29.943056579, 11.335639955000005, -8.3668335840000054, -27.261958542000002, -44.00817683599999, -45.0, -45.0, -45.0, 45.0, 45.0, 45.0, 45.0, 45.0, 32.735176403999986, 10.395732149999986, -13.576876059999989, -35.490181342999989, -45.0, -45.0, -45.0, -45.0, -45.0, 45.0, 45.0, 45.0, 45.0, 45.0, 45.0, 37.566558402999988, 10.962164613999988, -18.403499065000005, -43.440790254000007, -45.0, -45.0, -45.0, -45.0, -45.0, 45.0, 45.0, 45.0, 45.0, 45.0, 45.0, 42.984957759999986, 14.537849937999994, -18.504917561000013, -45.0, -45.0, -45.0, -45.0, -45.0, -45.0, -45.0, 45.0, 45.0, 45.0, 45.0, 45.0, 45.0, 43.312284056999999, 16.599869977999987, -14.667190459000011, -41.825564719999988, -45.0, -45.0, -45.0, -45.0, -45.0, -45.0, 45.0, 45.0, 45.0, 45.0, 45.0, 36.675527775000006, 13.091270003000005, -12.912753121999998, -36.503730071999996, -45.0, -45.0, -45.0, -45.0, -45.0, 45.0, 45.0, 45.0, 45.0, 27.917841650000014, 7.544905220000004, -13.711426977000002, -33.397757135000006, -45.0, -45.0, -45.0, -45.0, 45.0, 45.0, 45.0, 36.862789963000012, 20.831219293999993, 3.4047237259999861, -14.276006555999999, -30.917531991999994, -45.0, -45.0, -45.0, 45.0, 45.0, 32.472766035000006, 18.036850044999994, 2.6907070690000126, -12.802388838000013, -27.607468068000003, -41.203068989999991, -45.0, 45.0, 32.935083945999992, 19.47426789299999, 5.1783228909999934, -9.3671085899999866, -23.468353863999994, -36.619631182000006, -45.0],