{"HoursInMonth": [[9.0, 10.0, 11.0, 12.0, 13.0, 14.0], [8.0, 9.0, 10.0, 11.0, 12.0, 13.0, 14.0, 15.0], [6.0, 7.0, 8.0, 9.0, 10.0, 11.0, 12.0, 13.0, 14.0, 15.0, 16.0, 17.0], [5.0, 6.0, 7.0, 8.0, 9.0, 10.0, 11.0, 12.0, 13.0, 14.0, 15.0, 16.0, 17.0, 18.0], [3.0, 4.0, 5.0, 6.0, 7.0, 8.0, 9.0, 10.0, 11.0, 12.0, 13.0, 14.0, 15.0, 16.0, 17.0, 18.0, 19.0], [3.0, 4.0, 5.0, 6.0, 7.0, 8.0, 9.0, 10.0, 11.0, 12.0, 13.0, 14.0, 15.0, 16.0, 17.0, 18.0, 19.0, 20.0], [3.0, 4.0, 5.0, 6.0, 7.0, 8.0, 9.0, 10.0, 11.0, 12.0, 13.0, 14.0, 15.0, 16.0, 17.0, 18.0, 19.0, 20.0], [4.0, 5.0, 6.0, 7.0, 8.0, 9.0, 10.0, 11.0, 12.0, 13.0, 14.0, 15.0, 16.0, 17.0, 18.0, 19.0], [5.0, 6.0, 7.0, 8.0, 9.0, 10.0, 11.0, 12.0, 13.0, 14.0, 15.0, 16.0, 17.0], [7.0, 8.0, 9.0, 10.0, 11.0, 12.0, 13.0, 14.0, 15.0, 16.0], [8.0, 9.0, 10.0, 11.0, 12.0, 13.0, 14.0], [9.0, 10.0, 11.0, 12.0, 13.0]], "TempTracking": [-3.903225806451613, -3.8483870967741933, -3.7967741935483872, -3.6516129032258062, -3.5129032258064505, -3.3677419354838714, -7.3607142857142867, -6.8178571428571431, -6.2750000000000012, -5.732142857142855, -5.1142857142857139, -4.4857142857142858, -3.8678571428571429, -3.9107142857142851, -2.5774193548387099, -2.5483870967741935, -2.5258064516129033, -1.8064516129032258, -1.1000000000000003, -0.3774193548387097, 0.032258064516129094, 0.46451612903225792, 0.88064516129032255, 0.74516129032258061, 0.60322580645161294, 0.4709677419354838, 0.20999999999999991, 0.97666666666666635, 1.7733333333333332, 2.5399999999999991, 3.5733333333333333, 4.6066666666666665, 5.6400000000000015, 6.0733333333333333, 6.5099999999999998, 6.9433333333333351, 6.9133333333333331, 6.866666666666668, 6.7399999999999993, 5.9866666666666672, 5.5709677419354824, 5.4032258064516139, 5.2258064516129039, 6.6677419354838721, 8.1548387096774206, 9.6225806451612907, 10.393548387096773, 11.20967741935484, 12.019354838709676, 12.551612903225806, 13.083870967741936, 13.616129032258067, 13.56451612903226, 13.519354838709674, 13.470967741935487, 12.800000000000001, 12.103225806451611, 10.5, 10.506666666666666, 10.513333333333334, 11.746666666666666, 13.023333333333337, 14.296666666666665, 14.870000000000005, 15.436666666666667, 16.009999999999998, 16.346666666666668, 16.663333333333334, 16.993333333333336, 16.979999999999993, 16.976666666666667, 16.963333333333338, 16.366666666666667, 15.736666666666666, 15.133333333333333, 12.432258064516128, 12.387096774193548, 12.319354838709677, 13.725806451612906, 15.167741935483873, 16.603225806451611, 17.545161290322579, 18.403225806451619, 19.248387096774191, 19.616129032258062, 20.009677419354841, 20.348387096774193, 20.435483870967744, 20.506451612903223, 20.590322580645161, 19.719354838709673, 18.816129032258068, 17.996774193548386, 12.461290322580645, 12.364516129032259, 13.319354838709678, 14.345161290322585, 15.241935483870964, 16.058064516129033, 16.861290322580647, 17.677419354838708, 18.148387096774194, 18.664516129032254, 19.183870967741932, 19.045161290322575, 18.909677419354846, 18.770967741935483, 17.961290322580648, 17.141935483870967, 7.5600000000000005, 7.9900000000000002, 8.4800000000000004, 8.9466666666666672, 10.213333333333335, 11.470000000000001, 12.736666666666668, 13.043333333333333, 13.33666666666667, 13.640000000000004, 13.320000000000004, 13.003333333333334, 12.786666666666665, 4.6290322580645151, 4.8193548387096774, 5.5774193548387112, 6.3483870967741938, 7.1064516129032258, 7.4741935483870972, 7.8483870967741938, 8.248387096774195, 7.9677419354838692, 7.6870967741935479, -1.4499999999999995, -1.2933333333333334, -1.1433333333333329, -0.98333333333333384, -0.79333333333333311, -0.62000000000000022, -0.42666666666666681, -3.0032258064516131, -2.987096774193549, -2.9451612903225799, -2.7806451612903222, -2.5774193548387094], "HoursInMonthTracking": [9.0, 10.0, 11.0, 12.0, 13.0, 14.0, 8.0, 9.0, 10.0, 11.0, 12.0, 13.0, 14.0, 15.0, 6.0, 7.0, 8.0, 9.0, 10.0, 11.0, 12.0, 13.0, 14.0, 15.0, 16.0, 17.0, 5.0, 6.0, 7.0, 8.0, 9.0, 10.0, 11.0, 12.0, 13.0, 14.0, 15.0, 16.0, 17.0, 18.0, 3.0, 4.0, 5.0, 6.0, 7.0, 8.0, 9.0, 10.0, 11.0, 12.0, 13.0, 14.0, 15.0, 16.0, 17.0, 18.0, 19.0, 3.0, 4.0, 5.0, 6.0, 7.0, 8.0, 9.0, 10.0, 11.0, 12.0, 13.0, 14.0, 15.0, 16.0, 17.0, 18.0, 19.0, 20.0, 3.0, 4.0, 5.0, 6.0, 7.0, 8.0, 9.0, 10.0, 11.0, 12.0, 13.0, 14.0, 15.0, 16.0, 17.0, 18.0, 19.0, 20.0, 4.0, 5.0, 6.0, 7.0, 8.0, 9.0, 10.0, 11.0, 12.0, 13.0, 14.0, 15.0, 16.0, 17.0, 18.0, 19.0, 5.0, 6.0, 7.0, 8.0, 9.0, 10.0, 11.0, 12.0, 13.0, 14.0, 15.0, 16.0, 17.0, 7.0, 8.0, 9.0, 10.0, 11.0, 12.0, 13.0, 14.0, 15.0, 16.0, 8.0, 9.0, 10.0, 11.0, 12.0, 13.0, 14.0, 9.0, 10.0, 11.0, 12.0, 13.0], "MonthTracking": [1, 1, 1, 1, 1, 1, 2, 2, 2, 2, 2, 2, 2, 2, 3, 3, 3, 3, 3, 3, 3, 3, 3, 3, 3, 3, 4, 4, 4, 4, 4, 4, 4, 4, 4, 4, 4, 4, 4, 4, 5, 5, 5, 5, 5, 5, 5, 5, 5, 5, 5, 5, 5, 5, 5, 5, 5, 6, 6, 6, 6, 6, 6, 6, 6, 6, 6, 6, 6, 6, 6, 6, 6, 6, 6, 7, 7, 7, 7, 7, 7, 7, 7, 7, 7, 7, 7, 7, 7, 7, 7, 7, 7, 8, 8, 8, 8, 8, 8, 8, 8, 8, 8, 8, 8, 8, 8, 8, 8, 9, 9, 9, 9, 9, 9, 9, 9, 9, 9, 9, 9, 9, 10, 10, 10, 10, 10, 10, 10, 10, 10, 10, 11, 11, 11, 11, 11, 11, 11, 12, 12, 12, 12, 12], "Yangles": [34.642104921999987, 21.027634121999995, 7.021341389000014, -7.1347961460000136, -21.142831868000002, -34.760970407999991, 45.0, 38.136304794000011, 23.700955641000007, 8.7082940409999878, -6.5231751119999899, -21.580730891000002, -36.121917094999986, -45.0, 45.0, 45.0, 45.0, 40.522035958000004, 24.754616276000007, 8.1421803599999976, -8.7960659000000021, -25.393952334000005, -41.139922318999993, -45.0, -45.0, -45.0, 45.0, 45.0, 45.0, 45.0, 42.52003787999999, 25.129499708999987, 6.4477959669999905, -12.624866695000009, -30.971921301000009, -45.0, -45.0, -45.0, -45.0, -45.0, 45.0, 45.0, 45.0, 45.0, 45.0, 45.0, 45.0, 26.753222474000012, 5.9007552040000064, -15.469541375999995, -35.569470252999992, -45.0, -45.0, -45.0, -45.0, -45.0, -45.0, 45.0, 45.0, 45.0, 45.0, 45.0, 45.0, 45.0, 29.735029636999997, 7.8115290140000013, -14.927006691000003, -36.174927208000014, -45.0, -45.0, -45.0, -45.0, -45.0, -45.0, -45.0, 45.0, 45.0, 45.0, 45.0, 45.0, 45.0, 45.0, 30.867986997000003, 9.6586638969999967, -12.460936285999992, -33.416121809000003, -45.0, -45.0, -45.0, -45.0, -45.0, -45.0, -45.0, 45.0, 45.0, 45.0, 45.0, 45.0, 45.0, 27.611855408999986, 8.1715143710000007, -11.829080663000013, -31.019834105000001, -45.0, -45.0, -45.0, -45.0, -45.0, -45.0, 45.0, 45.0, 45.0, 45.0, 38.755744378000003, 22.134883833999993, 4.5957427419999988, -13.154471309999991, -30.303559780000001, -45.0, -45.0, -45.0, -45.0, 45.0, 45.0, 32.527216885999991, 17.273187890000003, 1.5198300860000131, -14.277180786999992, -29.643091999000006, -44.27598063100001, -45.0, -45.0, 43.245348366000002, 29.658062881000006, 15.553594809000003, 1.1171425820000138, -13.342355040000001, -27.506526787000013, -41.167093525000013, 30.817083574999998, 17.361762473999988, 3.5949200500000131, -10.242456389000012, -23.882970422],