{"HoursInMonth": [[7.0, 8.0, 9.0, 10.0, 11.0, 12.0, 13.0, 14.0, 15.0, 16.0, 17.0, 18.0], [7.0, 8.0, 9.0, 10.0, 11.0, 12.0, 13.0, 14.0, 15.0, 16.0, 17.0, 18.0], [7.0, 8.0, 9.0, 10.0, 11.0, 12.0, 13.0, 14.0, 15.0, 16.0, 17.0, 18.0], [7.0, 8.0, 9.0, 10.0, 11.0, 12.0, 13.0, 14.0, 15.0, 16.0, 17.0, 18.0], [6.0, 7.0, 8.0, 9.0, 10.0, 11.0, 12.0, 13.0, 14.0, 15.0, 16.0, 17.0, 18.0], [7.0, 8.0, 9.0, 10.0, 11.0, 12.0, 13.0, 14.0, 15.0, 16.0, 17.0, 18.0], [7.0, 8.0, 9.0, 10.0, 11.0, 12.0, 13.0, 14.0, 15.0, 16.0, 17.0, 18.0], [7.0, 8.0, 9.0, 10.0, 11.0, 12.0, 13.0, 14.0, 15.0, 16.0, 17.0, 18.0], [6.0, 7.0, 8.0, 9.0, 10.0, 11.0, 12.0, 13.0, 14.0, 15.0, 16.0, 17.0], [6.0, 7.0, 8.0, 9.0, 10.0, 11.0, 12.0, 13.0, 14.0, 15.0, 16.0, 17.0], [6.0, 7.0, 8.0, 9.0, 10.0, 11.0, 12.0, 13.0, 14.0, 15.0, 16.0, 17.0], [7.0, 8.0, 9.0, 10.0, 11.0, 12.0, 13.0, 14.0, 15.0, 16.0, 17.0]], "TempTracking": [25.206451612903223, 25.438709677419354, 26.441935483870967, 27.448387096774198, 28.425806451612903, 28.73548387096773, 29.016129032258068, 29.319354838709671, 28.999999999999996, 28.664516129032261, 28.354838709677416, 27.712903225806453, 25.196428571428566, 25.303571428571427, 26.575000000000003, 27.753571428571426, 28.685714285714287, 29.714285714285722, 30.375000000000007, 30.439285714285717, 30.424999999999997, 29.785714285714292, 29.082142857142856, 28.267857142857135, 25.322580645161288, 25.761290322580649, 27.232258064516117, 28.354838709677413, 29.36451612903226, 30.351612903225803, 30.916129032258063, 30.958064516129031, 30.519354838709667, 30.054838709677416, 29.100000000000001, 28.612903225806452, 26.206666666666671, 26.659999999999997, 28.333333333333325, 29.38333333333334, 30.293333333333329, 31.223333333333329, 30.943333333333339, 30.77333333333333, 30.420000000000002, 30.100000000000001, 29.376666666666669, 28.920000000000002, 26.654838709677421, 26.76451612903227, 26.877419354838704, 28.016129032258064, 28.9258064516129, 29.851612903225806, 30.025806451612901, 30.190322580645166, 30.348387096774186, 30.035483870967735, 29.719354838709673, 29.403225806451609, 28.893548387096775, 26.619999999999987, 26.969999999999999, 27.976666666666649, 28.523333333333323, 29.41, 30.300000000000011, 30.533333333333335, 30.383333333333336, 30.47000000000001, 30.363333333333344, 30.31333333333334, 29.566666666666663, 26.070967741935483, 26.367741935483867, 27.448387096774187, 28.400000000000002, 28.999999999999996, 29.506451612903223, 29.64193548387097, 29.716129032258067, 29.925806451612903, 29.690322580645162, 29.493548387096777, 29.00322580645161, 25.770967741935475, 26.158064516129031, 27.470967741935471, 28.209677419354819, 28.977419354838712, 29.603225806451615, 29.538709677419352, 29.574193548387093, 29.938709677419347, 29.748387096774188, 29.461290322580638, 29.164516129032254, 25.383333333333329, 25.406666666666663, 25.873333333333335, 26.799999999999994, 27.866666666666653, 28.503333333333327, 29.056666666666661, 29.603333333333339, 29.513333333333335, 29.303333333333331, 28.84, 28.433333333333326, 25.787096774193543, 25.974193548387092, 26.277419354838706, 27.532258064516125, 28.745161290322578, 29.587096774193547, 29.609677419354831, 29.651612903225804, 29.825806451612902, 29.577419354838707, 29.167741935483871, 28.761290322580646, 24.97666666666667, 25.123333333333331, 25.606666666666662, 26.740000000000002, 27.899999999999999, 28.839999999999996, 28.763333333333332, 28.706666666666671, 28.723333333333333, 28.583333333333332, 28.396666666666665, 28.186666666666678, 24.529032258064504, 24.899999999999999, 26.06451612903226, 26.974193548387088, 27.803225806451607, 28.358064516129026, 28.693548387096776, 28.829032258064515, 28.532258064516128, 28.232258064516117, 27.72258064516129], "HoursInMonthTracking": [7.0, 8.0, 9.0, 10.0, 11.0, 12.0, 13.0, 14.0, 15.0, 16.0, 17.0, 18.0, 7.0, 8.0, 9.0, 10.0, 11.0, 12.0, 13.0, 14.0, 15.0, 16.0, 17.0, 18.0, 7.0, 8.0, 9.0, 10.0, 11.0, 12.0, 13.0, 14.0, 15.0, 16.0, 17.0, 18.0, 7.0, 8.0, 9.0, 10.0, 11.0, 12.0, 13.0, 14.0, 15.0, 16.0, 17.0, 18.0, 6.0, 7.0, 8.0, 9.0, 10.0, 11.0, 12.0, 13.0, 14.0, 15.0, 16.0, 17.0, 18.0, 7.0, 8.0, 9.0, 10.0, 11.0, 12.0, 13.0, 14.0, 15.0, 16.0, 17.0, 18.0, 7.0, 8.0, 9.0, 10.0, 11.0, 12.0, 13.0, 14.0, 15.0, 16.0, 17.0, 18.0, 7.0, 8.0, 9.0, 10.0, 11.0, 12.0, 13.0, 14.0, 15.0, 16.0, 17.0, 18.0, 6.0, 7.0, 8.0, 9.0, 10.0, 11.0, 12.0, 13.0, 14.0, 15.0, 16.0, 17.0, 6.0, 7.0, 8.0, 9.0, 10.0, 11.0, 12.0, 13.0, 14.0, 15.0, 16.0, 17.0, 6.0, 7.0, 8.0, 9.0, 10.0, 11.0, 12.0, 13.0, 14.0, 15.0, 16.0, 17.0, 7.0, 8.0, 9.0, 10.0, 11.0, 12.0, 13.0, 14.0, 15.0, 16.0, 17.0], "MonthTracking": [1, 1, 1, 1, 1, 1, 1, 1, 1, 1, 1, 1, 2, 2, 2, 2, 2, 2, 2, 2, 2, 2, 2, 2, 3, 3, 3, 3, 3, 3, 3, 3, 3, 3, 3, 3, 4, 4, 4, 4, 4, 4, 4, 4, 4, 4, 4, 4, 5, 5, 5, 5, 5, 5, 5, 5, 5, 5, 5, 5, 5, 6, 6, 6, 6, 6, 6, 6, 6, 6, 6, 6, 6, 7, 7, 7, 7, 7, 7, 7, 7, 7, 7, 7, 7, 8, 8, 8, 8, 8, 8, 8, 8, 8, 8, 8, 8, 9, 9, 9, 9, 9, 9, 9, 9, 9, 9, 9, 9, 10, 10, 10, 10, 10, 10, 10, 10, 10, 10, 10, 10, 11, 11, 11, 11, 11, 11, 11, 11, 11, 11, 11, 11, 12, 12, 12, 12, 12, 12, 12, 12, 12, 12, 12], "Yangles": [45.0, 45.0, 45.0, 45.0, 37.840913564000004, 8.3052051630000108, -26.270523849, -45.0, -45.0, -45.0, -45.0, -45.0, 45.0, 45.0, 45.0, 45.0, 45.0, 17.228529801999997, -35.221748542, -45.0, -45.0, -45.0, -45.0, -45.0, 45.0, 45.0, 45.0, 45.0, 45.0, 44.77461581099999, -45.0, -45.0, -45.0, -45.0, -45.0, -45.0, 45.0, 45.0, 45.0, 45.0, 45.0, 45.0, -45.0, -45.0, -45.0, -45.0, -45.0, -45.0, 45.0, 45.0, 45.0, 45.0, 45.0, 45.0, 45.0, -45.0, -45.0, -45.0, -45.0, -45.0, -45.0, 45.0, 45.0, 45.0, 45.0, 45.0, 45.0, -45.0, -45.0, -45.0, -45.0, -45.0, -45.0, 45.0, 45.0, 45.0, 45.0, 45.0, 45.0, -45.0, -45.0, -45.0, -45.0, -45.0, -45.0, 45.0, 45.0, 45.0, 45.0, 45.0, 45.0, -45.0, -45.0, -45.0, -45.0, -45.0, -45.0, 45.0, 45.0, 45.0, 45.0, 45.0, 45.0, -45.0, -45.0, -45.0, -45.0, -45.0, -45.0, 45.0, 45.0, 45.0, 45.0, 45.0, 45.0, -14.096497258999989, -45.0, -45.0, -45.0, -45.0, -45.0, 45.0, 45.0, 45.0, 45.0, 45.0, 30.590536635000007, -7.9815707090000103, -40.796936453000001, -45.0, -45.0, -45.0, -45.0, 45.0, 45.0, 45.0, 45.0, 29.473920459999988, -0.31746938899999577, -29.934776247999991, -45.0, -45.0, -45.0, -45.0],