{"HoursInMonth": [[8.0, 9.0, 10.0, 11.0, 12.0, 13.0, 14.0, 15.0], [7.0, 8.0, 9.0, 10.0, 11.0, 12.0, 13.0, 14.0, 15.0, 16.0], [6.0, 7.0, 8.0, 9.0, 10.0, 11.0, 12.0, 13.0, 14.0, 15.0, 16.0, 17.0], [5.0, 6.0, 7.0, 8.0, 9.0, 10.0, 11.0, 12.0, 13.0, 14.0, 15.0, 16.0, 17.0, 18.0], [4.0, 5.0, 6.0, 7.0, 8.0, 9.0, 10.0, 11.0, 12.0, 13.0, 14.0, 15.0, 16.0, 17.0, 18.0], [4.0, 5.0, 6.0, 7.0, 8.0, 9.0, 10.0, 11.0, 12.0, 13.0, 14.0, 15.0, 16.0, 17.0, 18.0, 19.0], [4.0, 5.0, 6.0, 7.0, 8.0, 9.0, 10.0, 11.0, 12.0, 13.0, 14.0, 15.0, 16.0, 17.0, 18.0, 19.0], [5.0, 6.0, 7.0, 8.0, 9.0, 10.0, 11.0, 12.0, 13.0, 14.0, 15.0, 16.0, 17.0, 18.0], [6.0, 7.0, 8.0, 9.0, 10.0, 11.0, 12.0, 13.0, 14.0, 15.0, 16.0, 17.0], [6.0, 7.0, 8.0, 9.0, 10.0, 11.0, 12.0, 13.0, 14.0, 15.0, 16.0], [7.0, 8.0, 9.0, 10.0, 11.0, 12.0, 13.0, 14.0, 15.0], [8.0, 9.0, 10.0, 11.0, 12.0, 13.0, 14.0, 15.0]], "TempTracking": [0.75806451612903225, 1.096774193548387, 1.4580645161290318, 2.1129032258064515, 2.7774193548387101, 3.4322580645161285, 3.4709677419354841, 3.5193548387096785, 0.49642857142857144, 0.90357142857142836, 1.321428571428571, 1.7892857142857144, 2.6321428571428576, 3.5214285714285727, 4.4107142857142856, 4.7892857142857155, 5.1892857142857158, 5.5285714285714285, 2.6741935483870964, 2.5451612903225809, 3.5354838709677416, 4.5161290322580649, 5.5064516129032253, 6.7516129032258041, 7.880645161290321, 9.0064516129032253, 9.4903225806451577, 9.9677419354838701, 10.429032258064519, 9.5741935483870932, 6.9099999999999993, 6.7999999999999989, 6.7066666666666679, 7.7999999999999998, 8.9100000000000001, 10.003333333333334, 10.890000000000002, 11.770000000000001, 12.660000000000002, 13.153333333333332, 13.656666666666666, 14.136666666666665, 13.663333333333332, 13.19, 8.193548387096774, 8.6451612903225818, 9.1032258064516114, 9.5870967741935491, 11.04516129032258, 12.512903225806452, 14.016129032258068, 15.048387096774194, 16.090322580645161, 17.122580645161293, 17.587096774193551, 18.041935483870969, 18.5741935483871, 18.14193548387097, 17.72258064516129, 13.076666666666668, 13.323333333333334, 13.56666666666667, 13.896666666666668, 14.879999999999995, 15.863333333333332, 16.906666666666666, 17.916666666666671, 18.723333333333333, 19.549999999999994, 19.88666666666667, 20.120000000000005, 20.489999999999995, 20.13333333333334, 19.783333333333335, 19.386666666666663, 15.829032258064515, 16.141935483870967, 16.461290322580645, 16.838709677419359, 18.196774193548386, 19.529032258064515, 20.867741935483867, 21.800000000000001, 22.7258064516129, 23.648387096774194, 24.158064516129031, 24.535483870967742, 24.861290322580643, 24.412903225806449, 23.980645161290326, 23.506451612903231, 15.32258064516129, 15.293548387096775, 15.325806451612902, 17.116129032258065, 18.896774193548396, 20.364516129032253, 21.499999999999996, 22.658064516129027, 23.793548387096777, 24.216129032258063, 24.629032258064512, 25.051612903225813, 24.554838709677423, 24.025806451612908, 11.986666666666666, 11.876666666666669, 13.206666666666669, 14.58, 16.183333333333337, 17.140000000000001, 18.109999999999999, 19.07, 19.59333333333333, 20.119999999999997, 20.643333333333338, 19.743333333333339, 8.4290322580645149, 8.3032258064516142, 9.0806451612903221, 9.8741935483870975, 10.651612903225804, 11.535483870967745, 12.412903225806449, 13.296774193548387, 13.43548387096774, 13.587096774193549, 13.725806451612902, 3.7466666666666661, 4.0233333333333334, 4.2899999999999991, 4.5666666666666664, 5.0566666666666666, 5.543333333333333, 6.0333333333333341, 6.2300000000000013, 6.423333333333332, 2.354838709677419, 2.5258064516129033, 2.7225806451612908, 3.1838709677419352, 3.6419354838709683, 4.1096774193548393, 4.2290322580645139, 4.3645161290322561], "HoursInMonthTracking": [8.0, 9.0, 10.0, 11.0, 12.0, 13.0, 14.0, 15.0, 7.0, 8.0, 9.0, 10.0, 11.0, 12.0, 13.0, 14.0, 15.0, 16.0, 6.0, 7.0, 8.0, 9.0, 10.0, 11.0, 12.0, 13.0, 14.0, 15.0, 16.0, 17.0, 5.0, 6.0, 7.0, 8.0, 9.0, 10.0, 11.0, 12.0, 13.0, 14.0, 15.0, 16.0, 17.0, 18.0, 4.0, 5.0, 6.0, 7.0, 8.0, 9.0, 10.0, 11.0, 12.0, 13.0, 14.0, 15.0, 16.0, 17.0, 18.0, 4.0, 5.0, 6.0, 7.0, 8.0, 9.0, 10.0, 11.0, 12.0, 13.0, 14.0, 15.0, 16.0, 17.0, 18.0, 19.0, 4.0, 5.0, 6.0, 7.0, 8.0, 9.0, 10.0, 11.0, 12.0, 13.0, 14.0, 15.0, 16.0, 17.0, 18.0, 19.0, 5.0, 6.0, 7.0, 8.0, 9.0, 10.0, 11.0, 12.0, 13.0, 14.0, 15.0, 16.0, 17.0, 18.0, 6.0, 7.0, 8.0, 9.0, 10.0, 11.0, 12.0, 13.0, 14.0, 15.0, 16.0, 17.0, 6.0, 7.0, 8.0, 9.0, 10.0, 11.0, 12.0, 13.0, 14.0, 15.0, 16.0, 7.0, 8.0, 9.0, 10.0, 11.0, 12.0, 13.0, 14.0, 15.0, 8.0, 9.0, 10.0, 11.0, 12.0, 13.0, 14.0, 15.0], "MonthTracking": [1, 1, 1, 1, 1, 1, 1, 1, 2, 2, 2, 2, 2, 2, 2, 2, 2, 2, 3, 3, 3, 3, 3, 3, 3, 3, 3, 3, 3, 3, 4, 4, 4, 4, 4, 4, 4, 4, 4, 4, 4, 4, 4, 4, 5, 5, 5, 5, 5, 5, 5, 5, 5, 5, 5, 5, 5, 5, 5, 6, 6, 6, 6, 6, 6, 6, 6, 6, 6, 6, 6, 6, 6, 6, 6, 7, 7, 7, 7, 7, 7, 7, 7, 7, 7, 7, 7, 7, 7, 7, 7, 8, 8, 8, 8, 8, 8, 8, 8, 8, 8, 8, 8, 8, 8, 9, 9, 9, 9, 9, 9, 9, 9, 9, 9, 9, 9, 10, 10, 10, 10, 10, 10, 10, 10, 10, 10, 10, 11, 11, 11, 11, 11, 11, 11, 11, 11, 12, 12, 12, 12, 12, 12, 12, 12], "Yangles": [45.0, 36.999841831999987, 23.453686900000008, 8.8855862839999986, -6.1380475310000122, -20.847883719000009, -34.617343382000001, -45.0, 45.0, 45.0, 41.709260803999996, 27.145446284000002, 11.146920512999998, -5.575250355999998, -21.933806473999994, -37.038525894000003, -45.0, -45.0, 45.0, 45.0, 45.0, 45.0, 29.943056579, 11.335639955000005, -8.3668335840000054, -27.261958542000002, -44.00817683599999, -45.0, -45.0, -45.0, 45.0, 45.0, 45.0, 45.0, 45.0, 32.735176403999986, 10.395732149999986, -13.576876059999989, -35.490181342999989, -45.0, -45.0, -45.0, -45.0, -45.0, 45.0, 45.0, 45.0, 45.0, 45.0, 45.0, 37.566558402999988, 10.962164613999988, -18.403499065000005, -43.440790254000007, -45.0, -45.0, -45.0, -45.0, -45.0, 45.0, 45.0, 45.0, 45.0, 45.0, 45.0, 42.984957759999986, 14.537849937999994, -18.504917561000013, -45.0, -45.0, -45.0, -45.0, -45.0, -45.0, -45.0, 45.0, 45.0, 45.0, 45.0, 45.0, 45.0, 43.312284056999999, 16.599869977999987, -14.667190459000011, -41.825564719999988, -45.0, -45.0, -45.0, -45.0, -45.0, -45.0, 45.0, 45.0, 45.0, 45.0, 45.0, 36.675527775000006, 13.091270003000005, -12.912753121999998, -36.503730071999996, -45.0, -45.0, -45.0, -45.0, -45.0, 45.0, 45.0, 45.0, 45.0, 27.917841650000014, 7.544905220000004, -13.711426977000002, -33.397757135000006, -45.0, -45.0, -45.0, -45.0, 45.0, 45.0, 45.0, 36.862789963000012, 20.831219293999993, 3.4047237259999861, -14.276006555999999, -30.917531991999994, -45.0, -45.0, -45.0, 45.0, 45.0, 32.472766035000006, 18.036850044999994, 2.6907070690000126, -12.802388838000013, -27.607468068000003, -41.203068989999991, -45.0, 45.0, 32.935083945999992, 19.47426789299999, 5.1783228909999934, -9.3671085899999866, -23.468353863999994, -36.619631182000006, -45.0],