{"HoursInMonth": [[6.0, 7.0, 8.0, 9.0, 10.0, 11.0, 12.0, 13.0, 14.0, 15.0, 16.0], [6.0, 7.0, 8.0, 9.0, 10.0, 11.0, 12.0, 13.0, 14.0, 15.0, 16.0], [6.0, 7.0, 8.0, 9.0, 10.0, 11.0, 12.0, 13.0, 14.0, 15.0, 16.0], [5.0, 6.0, 7.0, 8.0, 9.0, 10.0, 11.0, 12.0, 13.0, 14.0, 15.0, 16.0, 17.0], [5.0, 6.0, 7.0, 8.0, 9.0, 10.0, 11.0, 12.0, 13.0, 14.0, 15.0, 16.0, 17.0], [4.0, 5.0, 6.0, 7.0, 8.0, 9.0, 10.0, 11.0, 12.0, 13.0, 14.0, 15.0, 16.0, 17.0], [5.0, 6.0, 7.0, 8.0, 9.0, 10.0, 11.0, 12.0, 13.0, 14.0, 15.0, 16.0, 17.0], [5.0, 6.0, 7.0, 8.0, 9.0, 10.0, 11.0, 12.0, 13.0, 14.0, 15.0, 16.0, 17.0], [5.0, 6.0, 7.0, 8.0, 9.0, 10.0, 11.0, 12.0, 13.0, 14.0, 15.0, 16.0], [6.0, 7.0, 8.0, 9.0, 10.0, 11.0, 12.0, 13.0, 14.0, 15.0, 16.0], [6.0, 7.0, 8.0, 9.0, 10.0, 11.0, 12.0, 13.0, 14.0, 15.0], [6.0, 7.0, 8.0, 9.0, 10.0, 11.0, 12.0, 13.0, 14.0, 15.0]], "TempTracking": [10.574193548387095, 10.622580645161287, 11.345161290322581, 13.106451612903227, 14.454838709677418, 15.764516129032256, 16.699999999999999, 17.254838709677419, 17.583870967741937, 17.603225806451608, 17.58064516129032, 10.960714285714285, 10.985714285714289, 11.814285714285717, 13.214285714285715, 14.792857142857139, 16.375000000000004, 17.282142857142858, 18.12142857142857, 18.474999999999998, 18.517857142857146, 18.360714285714288, 13.274193548387098, 13.464516129032258, 14.296774193548384, 15.903225806451616, 17.112903225806448, 18.035483870967742, 19.251612903225805, 20.232258064516131, 21.051612903225806, 21.025806451612905, 20.845161290322583, 16.490000000000002, 16.623333333333331, 17.710000000000001, 19.27333333333333, 21.353333333333325, 23.256666666666671, 25.199999999999999, 26.579999999999998, 27.483333333333331, 27.713333333333335, 27.529999999999994, 27.169999999999998, 26.653333333333332, 18.341935483870969, 18.780645161290323, 19.92258064516129, 22.167741935483871, 24.338709677419359, 26.516129032258064, 28.37096774193548, 29.587096774193547, 30.629032258064516, 31.506451612903227, 31.670967741935481, 31.535483870967745, 30.619354838709672, 22.45333333333333, 22.176666666666669, 22.479999999999997, 23.973333333333333, 25.466666666666669, 27.276666666666667, 28.783333333333321, 30.599999999999994, 31.766666666666662, 32.670000000000002, 33.583333333333329, 33.776666666666678, 34.063333333333333, 33.493333333333332, 22.980645161290319, 23.274193548387096, 24.067741935483866, 25.480645161290322, 26.709677419354836, 28.858064516129023, 30.496774193548383, 31.887096774193544, 32.606451612903228, 33.293548387096777, 33.632258064516122, 33.693548387096776, 33.438709677419361, 23.016129032258064, 22.954838709677414, 23.87419354838709, 25.193548387096769, 26.85161290322581, 28.57419354838709, 30.425806451612896, 31.800000000000004, 32.935483870967744, 33.664516129032251, 33.922580645161297, 33.806451612903231, 33.054838709677426, 21.32, 21.846666666666671, 22.66333333333333, 23.809999999999999, 26.173333333333328, 27.753333333333334, 29.146666666666668, 30.373333333333331, 31.453333333333333, 32.196666666666658, 31.98, 31.566666666666663, 19.696774193548386, 20.312903225806451, 21.432258064516134, 22.877419354838704, 24.832258064516125, 26.409677419354839, 27.329032258064508, 28.180645161290315, 28.812903225806451, 28.848387096774189, 28.558064516129026, 15.050000000000001, 15.100000000000001, 16.549999999999997, 18.536666666666665, 20.433333333333334, 21.883333333333333, 22.836666666666666, 23.546666666666663, 24.003333333333337, 23.819999999999993, 11.690322580645159, 11.599999999999998, 12.951612903225806, 14.609677419354837, 16.254838709677419, 17.883870967741938, 18.683870967741932, 19.412903225806453, 19.916129032258066, 19.883870967741935], "HoursInMonthTracking": [6.0, 7.0, 8.0, 9.0, 10.0, 11.0, 12.0, 13.0, 14.0, 15.0, 16.0, 6.0, 7.0, 8.0, 9.0, 10.0, 11.0, 12.0, 13.0, 14.0, 15.0, 16.0, 6.0, 7.0, 8.0, 9.0, 10.0, 11.0, 12.0, 13.0, 14.0, 15.0, 16.0, 5.0, 6.0, 7.0, 8.0, 9.0, 10.0, 11.0, 12.0, 13.0, 14.0, 15.0, 16.0, 17.0, 5.0, 6.0, 7.0, 8.0, 9.0, 10.0, 11.0, 12.0, 13.0, 14.0, 15.0, 16.0, 17.0, 4.0, 5.0, 6.0, 7.0, 8.0, 9.0, 10.0, 11.0, 12.0, 13.0, 14.0, 15.0, 16.0, 17.0, 5.0, 6.0, 7.0, 8.0, 9.0, 10.0, 11.0, 12.0, 13.0, 14.0, 15.0, 16.0, 17.0, 5.0, 6.0, 7.0, 8.0, 9.0, 10.0, 11.0, 12.0, 13.0, 14.0, 15.0, 16.0, 17.0, 5.0, 6.0, 7.0, 8.0, 9.0, 10.0, 11.0, 12.0, 13.0, 14.0, 15.0, 16.0, 6.0, 7.0, 8.0, 9.0, 10.0, 11.0, 12.0, 13.0, 14.0, 15.0, 16.0, 6.0, 7.0, 8.0, 9.0, 10.0, 11.0, 12.0, 13.0, 14.0, 15.0, 6.0, 7.0, 8.0, 9.0, 10.0, 11.0, 12.0, 13.0, 14.0, 15.0], "MonthTracking": [1, 1, 1, 1, 1, 1, 1, 1, 1, 1, 1, 2, 2, 2, 2, 2, 2, 2, 2, 2, 2, 2, 3, 3, 3, 3, 3, 3, 3, 3, 3, 3, 3, 4, 4, 4, 4, 4, 4, 4, 4, 4, 4, 4, 4, 4, 5, 5, 5, 5, 5, 5, 5, 5, 5, 5, 5, 5, 5, 6, 6, 6, 6, 6, 6, 6, 6, 6, 6, 6, 6, 6, 6, 7, 7, 7, 7, 7, 7, 7, 7, 7, 7, 7, 7, 7, 8, 8, 8, 8, 8, 8, 8, 8, 8, 8, 8, 8, 8, 9, 9, 9, 9, 9, 9, 9, 9, 9, 9, 9, 9, 10, 10, 10, 10, 10, 10, 10, 10, 10, 10, 10, 11, 11, 11, 11, 11, 11, 11, 11, 11, 11, 12, 12, 12, 12, 12, 12, 12, 12, 12, 12], "Yangles": [45.0, 45.0, 45.0, 34.064534957000006, 18.715217254999999, 1.2100351290000049, -16.459611744999989, -32.181848413000012, -45.0, -45.0, -45.0, 45.0, 45.0, 45.0, 40.364995442000009, 23.428684424000011, 3.0569563509999966, -17.872595759999996, -35.960491544000007, -45.0, -45.0, -45.0, 45.0, 45.0, 45.0, 45.0, 28.059670323000006, 1.4770895720000112, -25.57373235899999, -45.0, -45.0, -45.0, -45.0, 45.0, 45.0, 45.0, 45.0, 45.0, 34.742479196999994, -3.865028873, -40.229182121999997, -45.0, -45.0, -45.0, -45.0, -45.0, 45.0, 45.0, 45.0, 45.0, 45.0, 45.0, -11.24659631099999, -45.0, -45.0, -45.0, -45.0, -45.0, -45.0, 45.0, 45.0, 45.0, 45.0, 45.0, 45.0, 45.0, -9.9286205399999972, -45.0, -45.0, -45.0, -45.0, -45.0, -45.0, 45.0, 45.0, 45.0, 45.0, 45.0, 45.0, 0.67908559700001092, -45.0, -45.0, -45.0, -45.0, -45.0, -45.0, 45.0, 45.0, 45.0, 45.0, 45.0, 42.85292083600001, -1.0669056339999941, -44.109148825000005, -45.0, -45.0, -45.0, -45.0, -45.0, 45.0, 45.0, 45.0, 45.0, 45.0, 25.917833124999987, -5.599771053000012, -34.90640804200001, -45.0, -45.0, -45.0, -45.0, 45.0, 45.0, 45.0, 35.677915823999996, 15.457983646999992, -7.8094070090000116, -29.417206096000001, -45.0, -45.0, -45.0, -45.0, 45.0, 45.0, 43.472814392000004, 29.338110884999992, 12.171271224999998, -6.6518228230000034, -24.522457585000012, -39.574339497000011, -45.0, -45.0, 45.0, 45.0, 42.255666907999995, 29.405890561999996, 14.037652205000001, -2.9016320599999972, -19.490369926999989, -34.046151592000001, -45.0, -45.0],