{"HoursInMonth": [[8.0, 9.0, 10.0, 11.0, 12.0, 13.0, 14.0, 15.0, 16.0, 17.0], [8.0, 9.0, 10.0, 11.0, 12.0, 13.0, 14.0, 15.0, 16.0, 17.0], [7.0, 8.0, 9.0, 10.0, 11.0, 12.0, 13.0, 14.0, 15.0, 16.0, 17.0, 18.0], [6.0, 7.0, 8.0, 9.0, 10.0, 11.0, 12.0, 13.0, 14.0, 15.0, 16.0, 17.0, 18.0], [6.0, 7.0, 8.0, 9.0, 10.0, 11.0, 12.0, 13.0, 14.0, 15.0, 16.0, 17.0, 18.0, 19.0], [5.0, 6.0, 7.0, 8.0, 9.0, 10.0, 11.0, 12.0, 13.0, 14.0, 15.0, 16.0, 17.0, 18.0, 19.0], [6.0, 7.0, 8.0, 9.0, 10.0, 11.0, 12.0, 13.0, 14.0, 15.0, 16.0, 17.0, 18.0, 19.0], [6.0, 7.0, 8.0, 9.0, 10.0, 11.0, 12.0, 13.0, 14.0, 15.0, 16.0, 17.0, 18.0, 19.0], [6.0, 7.0, 8.0, 9.0, 10.0, 11.0, 12.0, 13.0, 14.0, 15.0, 16.0, 17.0, 18.0], [7.0, 8.0, 9.0, 10.0, 11.0, 12.0, 13.0, 14.0, 15.0, 16.0, 17.0], [8.0, 9.0, 10.0, 11.0, 12.0, 13.0, 14.0, 15.0, 16.0], [8.0, 9.0, 10.0, 11.0, 12.0, 13.0, 14.0, 15.0, 16.0]], "TempTracking": [2.5064516129032266, 3.0967741935483875, 3.4322580645161298, 5.1161290322580628, 6.6612903225806459, 8.0806451612903221, 8.8709677419354822, 9.5741935483870968, 10.164516129032258, 9.7354838709677427, 2.25, 2.7499999999999996, 4.4285714285714279, 6.4642857142857126, 8.2285714285714278, 10.092857142857145, 11.142857142857142, 11.964285714285714, 12.732142857142859, 12.350000000000001, 4.4903225806451612, 4.4870967741935477, 5.8709677419354813, 8.0451612903225804, 10.361290322580643, 12.193548387096776, 13.86451612903226, 14.41935483870968, 15.0, 16.241935483870968, 15.838709677419356, 15.661290322580648, 6.3033333333333337, 6.0633333333333352, 7.669999999999999, 9.4966666666666679, 11.256666666666664, 12.650000000000002, 13.879999999999999, 15.156666666666666, 15.673333333333328, 16.34, 16.983333333333331, 16.856666666666666, 16.576666666666664, 9.9806451612903206, 10.329032258064515, 12.299999999999997, 14.783870967741937, 17.661290322580644, 18.825806451612905, 20.161290322580641, 21.596774193548391, 21.645161290322577, 22.129032258064512, 23.722580645161287, 22.429032258064517, 21.709677419354833, 21.56129032258065, 13.713333333333335, 12.809999999999999, 14.416666666666666, 16.199999999999996, 18.379999999999995, 20.446666666666665, 21.61333333333333, 22.903333333333332, 25.609999999999996, 25.240000000000002, 26.16, 27.900000000000002, 26.256666666666678, 26.13333333333334, 26.859999999999996, 17.196774193548386, 17.787096774193547, 20.148387096774194, 22.629032258064516, 24.709677419354833, 26.87096774193548, 28.483870967741929, 30.374193548387098, 30.980645161290322, 31.935483870967751, 32.303225806451614, 32.193548387096776, 31.612903225806459, 31.161290322580644, 17.638709677419353, 17.074193548387097, 18.948387096774191, 21.190322580645159, 23.332258064516132, 25.532258064516132, 27.429032258064524, 29.274193548387096, 30.109677419354842, 30.909677419354836, 31.793548387096777, 31.393548387096772, 30.929032258064513, 30.409677419354839, 15.276666666666666, 15.200000000000003, 16.363333333333337, 17.973333333333336, 19.396666666666672, 20.860000000000003, 22.116666666666664, 23.436666666666667, 24.006666666666671, 24.563333333333329, 24.93, 24.576666666666668, 24.240000000000002, 10.022580645161293, 9.7096774193548381, 11.009677419354842, 13.18064516129032, 14.761290322580651, 16.483870967741936, 18.20967741935484, 19.096774193548384, 19.254838709677422, 19.835483870967742, 18.85483870967742, 5.8900000000000006, 6.5333333333333341, 6.9466666666666681, 9.9099999999999966, 11.719999999999999, 11.983333333333334, 14.400000000000004, 14.580000000000004, 14.016666666666667, 3.8322580645161284, 3.9419354838709673, 4.0548387096774192, 5.3387096774193541, 6.5129032258064505, 7.6387096774193548, 8.3967741935483868, 9.0129032258064523, 9.5290322580645164], "HoursInMonthTracking": [8.0, 9.0, 10.0, 11.0, 12.0, 13.0, 14.0, 15.0, 16.0, 17.0, 8.0, 9.0, 10.0, 11.0, 12.0, 13.0, 14.0, 15.0, 16.0, 17.0, 7.0, 8.0, 9.0, 10.0, 11.0, 12.0, 13.0, 14.0, 15.0, 16.0, 17.0, 18.0, 6.0, 7.0, 8.0, 9.0, 10.0, 11.0, 12.0, 13.0, 14.0, 15.0, 16.0, 17.0, 18.0, 6.0, 7.0, 8.0, 9.0, 10.0, 11.0, 12.0, 13.0, 14.0, 15.0, 16.0, 17.0, 18.0, 19.0, 5.0, 6.0, 7.0, 8.0, 9.0, 10.0, 11.0, 12.0, 13.0, 14.0, 15.0, 16.0, 17.0, 18.0, 19.0, 6.0, 7.0, 8.0, 9.0, 10.0, 11.0, 12.0, 13.0, 14.0, 15.0, 16.0, 17.0, 18.0, 19.0, 6.0, 7.0, 8.0, 9.0, 10.0, 11.0, 12.0, 13.0, 14.0, 15.0, 16.0, 17.0, 18.0, 19.0, 6.0, 7.0, 8.0, 9.0, 10.0, 11.0, 12.0, 13.0, 14.0, 15.0, 16.0, 17.0, 18.0, 7.0, 8.0, 9.0, 10.0, 11.0, 12.0, 13.0, 14.0, 15.0, 16.0, 17.0, 8.0, 9.0, 10.0, 11.0, 12.0, 13.0, 14.0, 15.0, 16.0, 8.0, 9.0, 10.0, 11.0, 12.0, 13.0, 14.0, 15.0, 16.0], "MonthTracking": [1, 1, 1, 1, 1, 1, 1, 1, 1, 1, 2, 2, 2, 2, 2, 2, 2, 2, 2, 2, 3, 3, 3, 3, 3, 3, 3, 3, 3, 3, 3, 3, 4, 4, 4, 4, 4, 4, 4, 4, 4, 4, 4, 4, 4, 5, 5, 5, 5, 5, 5, 5, 5, 5, 5, 5, 5, 5, 5, 6, 6, 6, 6, 6, 6, 6, 6, 6, 6, 6, 6, 6, 6, 6, 7, 7, 7, 7, 7, 7, 7, 7, 7, 7, 7, 7, 7, 7, 8, 8, 8, 8, 8, 8, 8, 8, 8, 8, 8, 8, 8, 8, 9, 9, 9, 9, 9, 9, 9, 9, 9, 9, 9, 9, 9, 10, 10, 10, 10, 10, 10, 10, 10, 10, 10, 10, 11, 11, 11, 11, 11, 11, 11, 11, 11, 12, 12, 12, 12, 12, 12, 12, 12, 12], "Yangles": [45.0, 45.0, 35.719865781999999, 21.740222609999989, 6.3328799960000026, -9.5621444289999999, -24.743243992999993, -38.384890917000007, -45.0, -45.0, 45.0, 45.0, 40.997681, 25.823195080000005, 8.5709633669999903, -9.534429369999998, -26.712663195999994, -41.785866776000006, -45.0, -45.0, 45.0, 45.0, 45.0, 45.0, 29.314245980999999, 8.483044035000006, -13.658419922999997, -33.79770764700001, -45.0, -45.0, -45.0, -45.0, 45.0, 45.0, 45.0, 45.0, 45.0, 33.334322703999987, 6.8824320230000069, -21.422611434000004, -44.699420884000006, -45.0, -45.0, -45.0, -45.0, 45.0, 45.0, 45.0, 45.0, 45.0, 40.481954378000012, 6.8314256660000012, -30.02891550999999, -45.0, -45.0, -45.0, -45.0, -45.0, -45.0, 45.0, 45.0, 45.0, 45.0, 45.0, 45.0, 45.0, 11.282715518999993, -32.529866042999998, -45.0, -45.0, -45.0, -45.0, -45.0, -45.0, 45.0, 45.0, 45.0, 45.0, 45.0, 45.0, 14.206537566000009, -26.806119313000011, -45.0, -45.0, -45.0, -45.0, -45.0, -45.0, 45.0, 45.0, 45.0, 45.0, 45.0, 38.35280950500001, 9.9545093890000089, -21.694816906, -45.0, -45.0, -45.0, -45.0, -45.0, -45.0, 45.0, 45.0, 45.0, 45.0, 45.0, 27.320940476999994, 3.9173208820000127, -20.225811676999996, -40.920087800000005, -45.0, -45.0, -45.0, -45.0, 45.0, 45.0, 45.0, 36.275063434999993, 19.09806789999999, -0.061282443999999714, -19.203475566999998, -36.340663159000002, -45.0, -45.0, -45.0, 45.0, 44.516562311000001, 31.198840711000003, 16.034519875000001, -0.35594726200000082, -16.71101088399999, -31.788999243000006, -45.0, -45.0, 45.0, 43.830393482999995, 31.475124123000001, 17.542029917000008, 2.4781205220000118, -12.762800988999999, -27.136022679999996, -40.011919201000012, -45.0],